step,spikes,is_inject_step,byte,nmda_sum,nmda_nz,xpre_sum,xpre_nz,ca_sum,ca_nz,weight_sum,weight_abs_sum
0,2160,1,0,102.2327,42523,12312.3301,410411,15.5175,410411,1777397.8750,2962719.7500
1,0,0,0,111.4125,42523,11711.8506,410411,32.6544,410411,1777397.8750,2962719.7500
2,0,0,0,109.6352,42523,11140.6572,410411,49.1123,410411,1777397.8750,2962719.7500
3,0,0,0,107.9302,42523,10597.3213,410411,64.9231,410411,1777397.8750,2962719.7500
4,0,0,0,106.3577,42523,10080.4844,410411,80.1293,410411,1777397.8750,2962719.7500
5,0,0,0,104.9007,42523,9588.8535,410411,94.7682,410411,1777397.8750,2962719.7500
6,0,0,0,103.5448,42523,9121.1992,410411,108.8728,410411,1777397.8750,2962719.7500
7,0,0,0,102.2775,42523,8676.3535,410411,122.4727,410411,1777397.8750,2962719.7500
8,0,0,0,101.0881,42523,8253.2031,410411,135.5943,410411,1777397.8750,2962719.7500
9,0,0,0,99.9673,42523,7850.6895,410411,148.2612,410411,1777397.8750,2962719.7500
10,2213,1,1,209.7871,44649,20077.2266,740607,177.6284,740607,1777397.8750,2962719.7500
11,0,0,0,224.0918,44649,19098.0488,740607,209.5244,740607,1777397.8750,2962719.7500
12,0,0,0,220.2882,44649,18166.6270,740607,240.0459,740607,1777397.8750,2962719.7500
13,0,0,0,216.6330,44649,17280.6309,740607,269.2601,740607,1777397.8750,2962719.7500
14,0,0,0,213.2732,44649,16437.8438,740607,297.2602,740607,1777397.8750,2962719.7500
15,0,0,0,210.1712,44649,15636.1621,740607,324.1277,740607,1777397.8750,2962719.7500
16,0,0,0,207.2945,44649,14873.5781,740607,349.9347,740607,1777397.8750,2962719.7500
17,0,0,0,204.6152,44649,14148.1855,740607,374.7450,740607,1777397.8750,2962719.7500
18,0,0,0,202.1093,44649,13458.1709,740607,398.6154,740607,1777397.8750,2962719.7500
19,0,0,0,199.7562,44649,12801.8086,740607,421.5968,740607,1777397.8750,2962719.7500
20,2232,1,2,312.8529,45656,24901.7773,992419,461.6645,992419,1777397.8750,2962719.7500
21,0,0,0,330.4393,45656,23687.3027,992419,504.8161,992419,1777397.8750,2962719.7500
22,0,0,0,325.0614,45656,22532.0605,992419,546.0674,992419,1777397.8750,2962719.7500
23,0,0,0,319.8217,45656,21433.1602,992419,585.4972,992419,1777397.8750,2962719.7500
24,0,0,0,314.9946,45656,20387.8516,992419,623.2352,992419,1777397.8750,2962719.7500
25,0,0,0,310.5278,45656,19393.5254,992419,659.3950,992419,1777397.8750,2962719.7500
26,0,0,0,306.3766,45656,18447.6934,992419,694.0774,992419,1777397.8750,2962719.7500
27,0,0,0,302.5023,45656,17547.9883,992419,727.3714,992419,1777397.8750,2962719.7500
28,0,0,0,298.8716,45656,16692.1641,992419,759.3567,992419,1777397.8750,2962719.7500
29,0,0,0,295.4558,45656,15878.0781,992419,790.1046,992419,1777397.8750,2962719.7500
30,2240,1,3,406.3590,46346,27877.3047,1196135,837.5624,1196135,1777397.8750,2962719.7500
31,0,0,0,424.9886,46346,26517.7129,1196135,888.2322,1196135,1777397.8750,2962719.7500
32,0,0,0,418.5651,46346,25224.4297,1196135,936.6616,1196135,1777397.8750,2962719.7500
33,0,0,0,412.2005,46346,23994.2207,1196135,982.9214,1196135,1777397.8750,2962719.7500
34,0,0,0,406.3159,46346,22824.0098,1196135,1027.1630,1196135,1777397.8750,2962719.7500
35,0,0,0,400.8509,46346,21710.8691,1196135,1069.5194,1196135,1777397.8750,2962719.7500
36,0,0,0,395.7535,46346,20652.0195,1196135,1110.1085,1196135,1777397.8750,2962719.7500
37,0,0,0,390.9792,46346,19644.8086,1196135,1149.0350,1196135,1777397.8750,2962719.7500
38,0,0,0,386.4894,46346,18686.7207,1196135,1186.3925,1196135,1777397.8750,2962719.7500
39,0,0,0,382.2509,46346,17775.3594,1196135,1222.2650,1196135,1777397.8750,2962719.7500
40,2220,1,4,487.3183,46793,29559.0547,1356260,1274.0837,1356260,1777397.8750,2962719.7500
41,0,0,0,503.8356,46793,28117.4434,1356260,1328.6323,1356260,1777397.8750,2962719.7500
42,0,0,0,496.9984,46793,26746.1406,1356260,1380.8042,1356260,1777397.8750,2962719.7500
43,0,0,0,490.0814,46793,25441.7168,1356260,1430.6434,1356260,1777397.8750,2962719.7500
44,0,0,0,483.6509,46793,24200.9102,1356260,1478.3055,1356260,1777397.8750,2962719.7500
45,0,0,0,477.6461,46793,23020.6191,1356260,1523.9277,1356260,1777397.8750,2962719.7500
46,0,0,0,472.0147,46793,21897.8906,1356260,1567.6316,1356260,1777397.8750,2962719.7500
47,0,0,0,466.7115,46793,20829.9180,1356260,1609.5258,1356260,1777397.8750,2962719.7500
48,0,0,0,461.6979,46793,19814.0312,1356260,1649.7076,1356260,1777397.8750,2962719.7500
49,0,0,0,456.9403,46793,18847.6914,1356260,1688.2648,1356260,1777397.8750,2962719.7500
50,2210,1,5,559.5052,47130,30527.0977,1477819,1742.3762,1477819,1777397.8750,2962719.7500
51,0,0,0,576.3688,47130,29038.2754,1477819,1799.2704,1477819,1777397.8750,2962719.7500
52,0,0,0,569.0683,47130,27622.0625,1477819,1853.6688,1477819,1777397.8750,2962719.7500
53,0,0,0,561.5531,47130,26274.9180,1477819,1905.5896,1477819,1777397.8750,2962719.7500
54,0,0,0,554.5433,47130,24993.4766,1477819,1955.1947,1477819,1777397.8750,2962719.7500
55,0,0,0,547.9755,47130,23774.5312,1477819,2002.6273,1477819,1777397.8750,2962719.7500
56,0,0,0,541.7953,47130,22615.0352,1477819,2048.0146,1477819,1777397.8750,2962719.7500
57,0,0,0,535.9562,47130,21512.0879,1477819,2091.4702,1477819,1777397.8750,2962719.7500
58,0,0,0,530.4180,47130,20462.9316,1477819,2133.0957,1477819,1777397.8750,2962719.7500
59,0,0,0,525.1462,47130,19464.9414,1477819,2172.9832,1477819,1777397.8750,2962719.7500
60,2199,1,6,620.6641,47301,31050.3457,1566294,2227.5620,1566294,1777397.8750,2962719.7500
61,0,0,0,631.8962,47301,29536.0039,1566294,2283.7434,1566294,1777397.8750,2962719.7500
62,0,0,0,624.8110,47301,28095.5156,1566294,2337.5117,1566294,1777397.8750,2962719.7500
63,0,0,0,617.3077,47301,26725.2832,1566294,2388.8394,1566294,1777397.8750,2962719.7500
64,0,0,0,610.2681,47301,25421.8770,1566294,2437.8777,1566294,1777397.8750,2962719.7500
65,0,0,0,603.6332,47301,24182.0371,1566294,2484.7610,1566294,1777397.8750,2962719.7500
66,0,0,0,597.3530,47301,23002.6660,1566294,2529.6086,1566294,1777397.8750,2962719.7500
67,0,0,0,591.3845,47301,21880.8145,1566294,2572.5269,1566294,1777397.8750,2962719.7500
68,0,0,0,585.6909,47301,20813.6738,1566294,2613.6116,1566294,1777397.8750,2962719.7500
69,0,0,0,580.2407,47301,19798.5801,1566294,2652.9497,1566294,1777397.8750,2962719.7500
70,2170,1,7,672.5095,47442,31194.1621,1640059,2706.4463,1640059,1777397.8750,2962719.7500
71,0,0,0,685.6010,47442,29672.8066,1640059,2761.9814,1640059,1777397.8750,2962719.7500
72,0,0,0,678.1808,47442,28225.6465,1640059,2815.0635,1640059,1777397.8750,2962719.7500
73,0,0,0,670.2219,47442,26849.0664,1640059,2865.6392,1640059,1777397.8750,2962719.7500
74,0,0,0,662.7433,47442,25539.6230,1640059,2913.8657,1640059,1777397.8750,2962719.7500
75,0,0,0,655.6836,47442,24294.0410,1640059,2959.8806,1640059,1777397.8750,2962719.7500
76,0,0,0,648.9907,47442,23109.2070,1640059,3003.8069,1640059,1777397.8750,2962719.7500
77,0,0,0,642.6202,47442,21982.1602,1640059,3045.7539,1640059,1777397.8750,2962719.7500
78,0,0,0,636.5342,47442,20910.0781,1640059,3085.8203,1640059,1777397.8750,2962719.7500
79,0,0,0,630.6998,47442,19890.2812,1640059,3124.0955,1640059,1777397.8750,2962719.7500
80,2200,1,8,719.8699,47574,31458.6914,1698000,3176.2117,1698000,1777397.8750,2962719.7500
81,0,0,0,730.3378,47574,29924.4336,1698000,3229.8574,1698000,1777397.8750,2962719.7500
82,0,0,0,722.8586,47574,28465.0020,1698000,3281.0898,1698000,1777397.8750,2962719.7500
83,0,0,0,714.6870,47574,27076.7480,1698000,3329.8223,1698000,1777397.8750,2962719.7500
84,0,0,0,706.9911,47574,25756.2012,1698000,3376.2102,1698000,1777397.8750,2962719.7500
85,0,0,0,699.7096,47574,24500.0566,1698000,3420.3904,1698000,1777397.8750,2962719.7500
86,0,0,0,692.7901,47574,23305.1758,1698000,3462.4844,1698000,1777397.8750,2962719.7500
87,0,0,0,686.1885,47574,22168.5703,1698000,3502.6003,1698000,1777397.8750,2962719.7500
88,0,0,0,679.8669,47574,21087.3965,1698000,3540.8357,1698000,1777397.8750,2962719.7500
89,0,0,0,673.7933,47574,20058.9531,1698000,3577.2788,1698000,1777397.8750,2962719.7500
90,2234,1,9,760.5294,47679,31814.2559,1746633,3627.2583,1746633,1777397.8750,2962719.7500
91,0,0,0,770.0381,47679,30262.6582,1746633,3678.6248,1746633,1777397.8750,2962719.7500
92,0,0,0,762.4665,47679,28786.7305,1746633,3727.6160,1746633,1777397.8750,2962719.7500
93,0,0,0,754.0416,47679,27382.7871,1746633,3774.1104,1746633,1777397.8750,2962719.7500
94,0,0,0,746.0981,47679,26047.3125,1746633,3818.2646,1746633,1777397.8750,2962719.7500
95,0,0,0,738.5726,47679,24776.9707,1746633,3860.2163,1746633,1777397.8750,2962719.7500
96,0,0,0,731.4119,47679,23568.5840,1746633,3900.0872,1746633,1777397.8750,2962719.7500
97,0,0,0,724.5706,47679,22419.1328,1746633,3937.9856,1746633,1777397.8750,2962719.7500
98,0,0,0,718.0106,47679,21325.7383,1746633,3974.0088,1746633,1777397.8750,2962719.7500
99,0,0,0,711.6991,47679,20285.6699,1746633,4008.2446,1746633,1777397.8750,2962719.7500
100,2221,1,10,792.4282,47742,31954.1074,1778891,4055.3545,1778891,1777397.8750,2962719.7500
101,0,0,0,796.3809,47742,30395.6875,1778891,4102.7266,1778891,1777397.8750,2962719.7500
102,0,0,0,789.2151,47742,28913.2734,1778891,4147.8994,1778891,1777397.8750,2962719.7500
103,0,0,0,781.0062,47742,27503.1582,1778891,4190.7065,1778891,1777397.8750,2962719.7500
104,0,0,0,773.2400,47742,26161.8125,1778891,4231.2935,1778891,1777397.8750,2962719.7500
105,0,0,0,765.8561,47742,24885.8867,1778891,4269.7876,1778891,1777397.8750,2962719.7500
106,0,0,0,758.8041,47742,23672.1895,1778891,4306.3018,1778891,1777397.8750,2962719.7500
107,0,0,0,752.0418,47742,22517.6836,1778891,4340.9346,1778891,1777397.8750,2962719.7500
108,0,0,0,745.5336,47742,21419.4844,1778891,4373.7764,1778891,1777397.8750,2962719.7500
109,0,0,0,739.2495,47742,20374.8438,1778891,4404.9082,1778891,1777397.8750,2962719.7500
110,2222,1,11,816.4205,47802,32042.5020,1805887,4448.4292,1805887,1777397.8750,2962719.7500
111,0,0,0,820.1099,47802,30479.7715,1805887,4492.2334,1805887,1777397.8750,2962719.7500
112,0,0,0,813.0056,47802,28993.2559,1805887,4533.9302,1805887,1777397.8750,2962719.7500
113,0,0,0,804.7305,47802,27579.2383,1805887,4573.3223,1805887,1777397.8750,2962719.7500
114,0,0,0,796.8935,47802,26234.1836,1805887,4610.5537,1805887,1777397.8750,2962719.7500
115,0,0,0,789.4335,47802,24954.7285,1805887,4645.7490,1805887,1777397.8750,2962719.7500
116,0,0,0,782.3000,47802,23737.6738,1805887,4679.0181,1805887,1777397.8750,2962719.7500
117,0,0,0,775.4506,47802,22579.9746,1805887,4710.4585,1805887,1777397.8750,2962719.7500
118,0,0,0,768.8500,47802,21478.7363,1805887,4740.1577,1805887,1777397.8750,2962719.7500
119,0,0,0,762.4684,47802,20431.2070,1805887,4768.1934,1805887,1777397.8750,2962719.7500
120,2220,1,12,833.3218,47834,32082.6445,1825646,4807.9282,1825646,1777397.8750,2962719.7500
121,0,0,0,831.2424,47834,30517.9570,1825646,4846.7754,1825646,1777397.8750,2962719.7500
122,0,0,0,824.6812,47834,29029.5801,1825646,4883.7339,1825646,1777397.8750,2962719.7500
123,0,0,0,816.7913,47834,27613.7910,1825646,4918.5659,1825646,1777397.8750,2962719.7500
124,0,0,0,809.2929,47834,26267.0508,1825646,4951.4028,1825646,1777397.8750,2962719.7500
125,0,0,0,802.1288,47834,24985.9922,1825646,4982.3569,1825646,1777397.8750,2962719.7500
126,0,0,0,795.2520,47834,23767.4121,1825646,5011.5264,1825646,1777397.8750,2962719.7500
127,0,0,0,788.6235,47834,22608.2617,1825646,5038.9976,1825646,1777397.8750,2962719.7500
128,0,0,0,782.2115,47834,21505.6445,1825646,5064.8486,1825646,1777397.8750,2962719.7500
129,0,0,0,775.9891,47834,20456.8027,1825646,5089.1489,1825646,1777397.8750,2962719.7500
130,2224,1,13,846.8662,47857,32136.2734,1842139,5125.0371,1842139,1777397.8750,2962719.7500
131,0,0,0,846.4960,47857,30568.9707,1842139,5160.4941,1842139,1777397.8750,2962719.7500
132,0,0,0,839.8804,47857,29078.1035,1842139,5194.1211,1842139,1777397.8750,2962719.7500
133,0,0,0,831.8855,47857,27659.9492,1842139,5225.6675,1842139,1777397.8750,2962719.7500
134,0,0,0,824.2855,47857,26310.9590,1842139,5255.2642,1842139,1777397.8750,2962719.7500
135,0,0,0,817.0223,47857,25027.7578,1842139,5283.0225,1842139,1777397.8750,2962719.7500
136,0,0,0,810.0483,47857,23807.1406,1842139,5309.0410,1842139,1777397.8750,2962719.7500
137,0,0,0,803.3243,47857,22646.0547,1842139,5333.4058,1842139,1777397.8750,2962719.7500
138,0,0,0,796.8177,47857,21541.5938,1842139,5356.1934,1842139,1777397.8750,2962719.7500
139,0,0,0,790.5019,47857,20490.9980,1842139,5377.4731,1842139,1777397.8750,2962719.7500
140,2203,1,14,856.6456,47876,32050.6602,1855274,5409.8545,1855274,1777397.8750,2962719.7500
141,0,0,0,853.4416,47876,30487.5332,1855274,5441.2524,1855274,1777397.8750,2962719.7500
142,0,0,0,847.0479,47876,29000.6387,1855274,5470.9492,1855274,1777397.8750,2962719.7500
143,0,0,0,839.1986,47876,27586.2617,1855274,5498.6743,1855274,1777397.8750,2962719.7500
144,0,0,0,831.7261,47876,26240.8652,1855274,5524.5527,1855274,1777397.8750,2962719.7500
145,0,0,0,824.5733,47876,24961.0840,1855274,5548.6899,1855274,1777397.8750,2962719.7500
146,0,0,0,817.6940,47876,23743.7168,1855274,5571.1797,1855274,1777397.8750,2962719.7500
147,0,0,0,811.0501,47876,22585.7227,1855274,5592.1021,1855274,1777397.8750,2962719.7500
148,0,0,0,804.6107,47876,21484.2051,1855274,5611.5298,1855274,1777397.8750,2962719.7500
149,0,0,0,798.3499,47876,20436.4082,1855274,5629.5278,1855274,1777397.8750,2962719.7500
150,2252,1,15,862.2695,47895,32274.1934,1865893,5658.5044,1865893,1777397.8750,2962719.7500
151,0,0,0,856.5552,47895,30700.1641,1865893,5686.0073,1865893,1777397.8750,2962719.7500
152,0,0,0,850.4866,47895,29202.9004,1865893,5711.9561,1865893,1777397.8750,2962719.7500
153,0,0,0,842.8170,47895,27778.6582,1865893,5736.0439,1865893,1777397.8750,2962719.7500
154,0,0,0,835.5082,47895,26423.8789,1865893,5758.3916,1865893,1777397.8750,2962719.7500
155,0,0,0,828.5032,47895,25135.1719,1865893,5779.0991,1865893,1777397.8750,2962719.7500
156,0,0,0,821.7564,47895,23909.3145,1865893,5798.2544,1865893,1777397.8750,2962719.7500
157,0,0,0,815.2305,47895,22743.2441,1865893,5815.9336,1865893,1777397.8750,2962719.7500
158,0,0,0,808.8952,47895,21634.0449,1865893,5832.2031,1865893,1777397.8750,2962719.7500
159,0,0,0,802.7258,47895,20578.9395,1865893,5847.1240,1865893,1777397.8750,2962719.7500
160,2217,1,16,862.1713,47917,32209.7344,1874079,5872.4297,1874079,1777397.8750,2962719.7500
161,0,0,0,855.1233,47917,30638.8477,1874079,5896.0264,1874079,1777397.8750,2962719.7500
162,0,0,0,849.2895,47917,29144.5742,1874079,5918.1968,1874079,1777397.8750,2962719.7500
163,0,0,0,841.7999,47917,27723.1777,1874079,5938.6177,1874079,1777397.8750,2962719.7500
164,0,0,0,834.6555,47917,26371.1035,1874079,5957.4023,1874079,1777397.8750,2962719.7500
165,0,0,0,827.8002,47917,25084.9688,1874079,5974.6479,1874079,1777397.8750,2962719.7500
166,0,0,0,821.1893,47917,23861.5625,1874079,5990.4360,1874079,1777397.8750,2962719.7500
167,0,0,0,814.7864,47917,22697.8203,1874079,6004.8379,1874079,1777397.8750,2962719.7500
168,0,0,0,808.5623,47917,21590.8359,1874079,6017.9165,1874079,1777397.8750,2962719.7500
169,0,0,0,802.4932,47917,20537.8379,1874079,6029.7275,1874079,1777397.8750,2962719.7500
170,2200,1,17,859.8748,47927,32074.4570,1878998,6051.6919,1878998,1777397.8750,2962719.7500
171,0,0,0,852.6368,47927,30510.1680,1878998,6071.9619,1878998,1777397.8750,2962719.7500
172,0,0,0,846.9167,47927,29022.1699,1878998,6090.8926,1878998,1777397.8750,2962719.7500
173,0,0,0,839.5100,47927,27606.7422,1878998,6108.1509,1878998,1777397.8750,2962719.7500
174,0,0,0,832.4432,47927,26260.3477,1878998,6123.8486,1878998,1777397.8750,2962719.7500
175,0,0,0,825.6605,47927,24979.6152,1878998,6138.0796,1878998,1777397.8750,2962719.7500
176,0,0,0,819.1169,47927,23761.3457,1878998,6150.9224,1878998,1777397.8750,2962719.7500
177,0,0,0,812.7766,47927,22602.4922,1878998,6162.4463,1878998,1777397.8750,2962719.7500
178,0,0,0,806.6105,47927,21500.1562,1878998,6172.7119,1878998,1777397.8750,2962719.7500
179,0,0,0,800.5952,47927,20451.5820,1878998,6181.7725,1878998,1777397.8750,2962719.7500
180,2229,1,18,857.9365,47935,32158.8164,1884517,6200.9873,1884517,1777397.8750,2962719.7500
181,0,0,0,851.8155,47935,30590.4141,1884517,6218.8022,1884517,1777397.8750,2962719.7500
182,0,0,0,846.0274,47935,29098.5020,1884517,6235.3076,1884517,1777397.8750,2962719.7500
183,0,0,0,838.4947,47935,27679.3535,1884517,6250.1562,1884517,1777397.8750,2962719.7500
184,0,0,0,831.3217,47935,26329.4160,1884517,6263.4634,1884517,1777397.8750,2962719.7500
185,0,0,0,824.4494,47935,25045.3164,1884517,6275.3271,1884517,1777397.8750,2962719.7500
186,0,0,0,817.8302,47935,23823.8418,1884517,6285.8286,1884517,1777397.8750,2962719.7500
187,0,0,0,811.4261,47935,22661.9395,1884517,6295.0396,1884517,1777397.8750,2962719.7500
188,0,0,0,805.2065,47935,21556.7051,1884517,6303.0220,1884517,1777397.8750,2962719.7500
189,0,0,0,799.1463,47935,20505.3730,1884517,6309.8311,1884517,1777397.8750,2962719.7500
190,2218,1,19,853.5364,47938,32150.7031,1887952,6326.4131,1887952,1777397.8750,2962719.7500
191,0,0,0,845.6052,47938,30582.6973,1887952,6341.2354,1887952,1777397.8750,2962719.7500
192,0,0,0,839.9950,47938,29091.1621,1887952,6354.8418,1887952,1777397.8750,2962719.7500
193,0,0,0,832.5948,47938,27672.3691,1887952,6366.8726,1887952,1777397.8750,2962719.7500
194,0,0,0,825.5468,47938,26322.7734,1887952,6377.4404,1887952,1777397.8750,2962719.7500
195,0,0,0,818.7918,47938,25038.9980,1887952,6386.6392,1887952,1777397.8750,2962719.7500
196,0,0,0,812.2829,47938,23817.8320,1887952,6394.5479,1887952,1777397.8750,2962719.7500
197,0,0,0,805.9822,47938,22656.2227,1887952,6401.2354,1887952,1777397.8750,2962719.7500
198,0,0,0,799.8595,47938,21551.2656,1887952,6406.7603,1887952,1777397.8750,2962719.7500
199,0,0,0,793.8903,47938,20500.1992,1887952,6411.1753,1887952,1777397.8750,2962719.7500
200,2210,1,20,844.7778,47939,32100.8125,1889666,6424.9214,1889666,1777397.8750,2962719.7500
201,0,0,0,835.3969,47939,30535.2383,1889666,6436.6279,1889666,1777397.8750,2962719.7500
202,0,0,0,830.0432,47939,29046.0195,1889666,6447.2314,1889666,1777397.8750,2962719.7500
203,0,0,0,822.8578,47939,27629.4277,1889666,6456.3574,1889666,1777397.8750,2962719.7500
204,0,0,0,816.0110,47939,26281.9258,1889666,6464.1147,1889666,1777397.8750,2962719.7500
205,0,0,0,809.4445,47939,25000.1426,1889666,6470.5928,1889666,1777397.8750,2962719.7500
206,0,0,0,803.1118,47939,23780.8711,1889666,6475.8667,1889666,1777397.8750,2962719.7500
207,0,0,0,796.9759,47939,22621.0664,1889666,6480.0005,1889666,1777397.8750,2962719.7500
208,0,0,0,791.0075,47939,21517.8242,1889666,6483.0493,1889666,1777397.8750,2962719.7500
209,0,0,0,785.1829,47939,20468.3887,1889666,6485.0620,1889666,1777397.8750,2962719.7500
210,2246,1,21,836.7452,47944,32271.8535,1892327,6496.5488,1892327,1777397.8750,2962719.7500
211,0,0,0,828.7213,47944,30697.9375,1892327,6506.3281,1892327,1777397.8750,2962719.7500
212,0,0,0,823.3620,47944,29200.7812,1892327,6515.0361,1892327,1777397.8750,2962719.7500
213,0,0,0,816.1384,47944,27776.6445,1892327,6522.2891,1892327,1777397.8750,2962719.7500
214,0,0,0,809.2657,47944,26421.9609,1892327,6528.1982,1892327,1777397.8750,2962719.7500
215,0,0,0,802.6837,47944,25133.3477,1892327,6532.8555,1892327,1777397.8750,2962719.7500
216,0,0,0,796.3440,47944,23907.5801,1892327,6536.3369,1892327,1777397.8750,2962719.7500
217,0,0,0,790.2084,47944,22741.5957,1892327,6538.7075,1892327,1777397.8750,2962719.7500
218,0,0,0,784.2464,47944,21632.4746,1892327,6540.0239,1892327,1777397.8750,2962719.7500
219,0,0,0,778.4334,47944,20577.4473,1892327,6540.3354,1892327,1777397.8750,2962719.7500
220,2218,1,22,828.4585,47949,32212.2734,1893851,6549.8789,1893851,1777397.8750,2962719.7500
221,0,0,0,820.0469,47949,30641.2637,1893851,6557.6606,1893851,1777397.8750,2962719.7500
222,0,0,0,814.7443,47949,29146.8730,1893851,6564.4175,1893851,1777397.8750,2962719.7500
223,0,0,0,807.6284,47949,27725.3633,1893851,6569.7739,1893851,1777397.8750,2962719.7500
224,0,0,0,800.8555,47949,26373.1816,1893851,6573.8379,1893851,1777397.8750,2962719.7500
225,0,0,0,794.3668,47949,25086.9473,1893851,6576.6987,1893851,1777397.8750,2962719.7500
226,0,0,0,788.1151,47949,23863.4434,1893851,6578.4316,1893851,1777397.8750,2962719.7500
227,0,0,0,782.0629,47949,22699.6113,1893851,6579.0991,1893851,1777397.8750,2962719.7500
228,0,0,0,776.1804,47949,21592.5391,1893851,6578.7563,1893851,1777397.8750,2962719.7500
229,0,0,0,770.4436,47949,20539.4590,1893851,6577.4507,1893851,1777397.8750,2962719.7500
230,2223,1,23,818.9548,47952,32210.1270,1895350,6585.1172,1895350,1777397.8750,2962719.7500
231,0,0,0,810.7307,47952,30639.2227,1895350,6591.0830,1895350,1777397.8750,2962719.7500
232,0,0,0,805.4933,47952,29144.9297,1895350,6596.0688,1895350,1777397.8750,2962719.7500
233,0,0,0,798.3885,47952,27723.5156,1895350,6599.6846,1895350,1777397.8750,2962719.7500
234,0,0,0,791.6367,47952,26371.4258,1895350,6602.0405,1895350,1777397.8750,2962719.7500
235,0,0,0,785.1766,47952,25085.2754,1895350,6603.2280,1895350,1777397.8750,2962719.7500
236,0,0,0,778.9594,47952,23861.8535,1895350,6603.3213,1895350,1777397.8750,2962719.7500
237,0,0,0,772.9465,47952,22698.0977,1895350,6602.3848,1895350,1777397.8750,2962719.7500
238,0,0,0,767.1071,47952,21591.0996,1895350,6600.4736,1895350,1777397.8750,2962719.7500
239,0,0,0,761.4164,47952,20538.0898,1895350,6597.6353,1895350,1777397.8750,2962719.7500
240,2188,1,24,807.9429,47952,32004.9453,1895729,6603.5107,1895729,1777397.8750,2962719.7500
241,0,0,0,799.2157,47952,30444.0469,1895729,6607.5981,1895729,1777397.8750,2962719.7500
242,0,0,0,794.0939,47952,28959.2734,1895729,6610.7632,1895729,1777397.8750,2962719.7500
243,0,0,0,787.1361,47952,27546.9141,1895729,6612.6201,1895729,1777397.8750,2962719.7500
244,0,0,0,780.5219,47952,26203.4355,1895729,6613.2759,1895729,1777397.8750,2962719.7500
245,0,0,0,774.1914,47952,24925.4805,1895729,6612.8188,1895729,1777397.8750,2962719.7500
246,0,0,0,768.0968,47952,23709.8516,1895729,6611.3213,1895729,1777397.8750,2962719.7500
247,0,0,0,762.2004,47952,22553.5078,1895729,6608.8447,1895729,1777397.8750,2962719.7500
248,0,0,0,756.4719,47952,21453.5625,1895729,6605.4409,1895729,1777397.8750,2962719.7500
249,0,0,0,750.8874,47952,20407.2598,1895729,6601.1567,1895729,1777397.8750,2962719.7500
250,2224,1,25,797.5359,47954,32087.4668,1896492,6605.5171,1896492,1777397.8750,2962719.7500
251,0,0,0,790.2366,47954,30522.5430,1896492,6608.4312,1896492,1777397.8750,2962719.7500
252,0,0,0,785.0751,47954,29033.9414,1896492,6610.4321,1896492,1777397.8750,2962719.7500
253,0,0,0,778.0237,47954,27617.9414,1896492,6611.1206,1896492,1777397.8750,2962719.7500
254,0,0,0,771.3381,47954,26270.9980,1896492,6610.6099,1896492,1777397.8750,2962719.7500
255,0,0,0,764.9545,47954,24989.7480,1896492,6608.9922,1896492,1777397.8750,2962719.7500
256,0,0,0,758.8225,47954,23770.9844,1896492,6606.3433,1896492,1777397.8750,2962719.7500
257,0,0,0,752.9019,47954,22611.6602,1896492,6602.7275,1896492,1777397.8750,2962719.7500
258,0,0,0,747.1605,47954,21508.8770,1896492,6598.1992,1896492,1777397.8750,2962719.7500
259,0,0,0,741.5726,47954,20459.8770,1896492,6592.8071,1896492,1777397.8750,2962719.7500
260,2216,1,26,787.0256,47955,32092.6367,1897062,6595.9536,1897062,1777397.8750,2962719.7500
261,0,0,0,778.7530,47955,30527.4629,1897062,6597.4526,1897062,1777397.8750,2962719.7500
262,0,0,0,773.7068,47955,29038.6211,1897062,6598.0859,1897062,1777397.8750,2962719.7500
263,0,0,0,766.8096,47955,27622.3926,1897062,6597.4619,1897062,1777397.8750,2962719.7500
264,0,0,0,760.2678,47955,26275.2324,1897062,6595.6895,1897062,1777397.8750,2962719.7500
265,0,0,0,754.0192,47955,24993.7754,1897062,6592.8574,1897062,1777397.8750,2962719.7500
266,0,0,0,748.0143,47955,23774.8145,1897062,6589.0405,1897062,1777397.8750,2962719.7500
267,0,0,0,742.2141,47955,22615.3047,1897062,6584.2993,1897062,1777397.8750,2962719.7500
268,0,0,0,736.5870,47955,21512.3438,1897062,6578.6875,1897062,1777397.8750,2962719.7500
269,0,0,0,731.1082,47955,20463.1738,1897062,6572.2505,1897062,1777397.8750,2962719.7500
270,2213,1,27,775.5522,47956,32080.8047,1897449,6574.2412,1897449,1777397.8750,2962719.7500
271,0,0,0,767.1401,47956,30516.2051,1897449,6574.5581,1897449,1777397.8750,2962719.7500
272,0,0,0,762.2217,47956,29027.9141,1897449,6574.0562,1897449,1777397.8750,2962719.7500
273,0,0,0,755.4410,47956,27612.2070,1897449,6572.3379,1897449,1777397.8750,2962719.7500
274,0,0,0,749.0123,47956,26265.5449,1897449,6569.5117,1897449,1777397.8750,2962719.7500
275,0,0,0,742.8729,47956,24984.5586,1897449,6565.6655,1897449,1777397.8750,2962719.7500
276,0,0,0,736.9738,47956,23766.0488,1897449,6560.8711,1897449,1777397.8750,2962719.7500
277,0,0,0,731.2758,47956,22606.9648,1897449,6555.1890,1897449,1777397.8750,2962719.7500
278,0,0,0,725.7480,47956,21504.4121,1897449,6548.6704,1897449,1777397.8750,2962719.7500
279,0,0,0,720.3656,47956,20455.6289,1897449,6541.3599,1897449,1777397.8750,2962719.7500
280,2204,1,28,763.5492,47956,32017.5566,1897638,6542.3467,1897638,1777397.8750,2962719.7500
281,0,0,0,754.2112,47956,30456.0430,1897638,6541.4609,1897638,1777397.8750,2962719.7500
282,0,0,0,749.4939,47956,28970.6855,1897638,6539.8188,1897638,1777397.8750,2962719.7500
283,0,0,0,742.9326,47956,27557.7695,1897638,6537.0234,1897638,1777397.8750,2962719.7500
284,0,0,0,736.7069,47956,26213.7617,1897638,6533.1787,1897638,1777397.8750,2962719.7500
285,0,0,0,730.7566,47956,24935.3027,1897638,6528.3687,1897638,1777397.8750,2962719.7500
286,0,0,0,725.0339,47956,23719.1934,1897638,6522.6611,1897638,1777397.8750,2962719.7500
287,0,0,0,719.5012,47956,22562.3965,1897638,6516.1133,1897638,1777397.8750,2962719.7500
288,0,0,0,714.1285,47956,21462.0156,1897638,6508.7739,1897638,1777397.8750,2962719.7500
289,0,0,0,708.8923,47956,20415.3008,1897638,6500.6841,1897638,1777397.8750,2962719.7500
290,2226,1,29,752.5735,47957,32104.7461,1898016,6500.9072,1898016,1777397.8750,2962719.7500
291,0,0,0,744.8290,47957,30538.9785,1898016,6499.6274,1898016,1777397.8750,2962719.7500
292,0,0,0,740.0816,47957,29049.5762,1898016,6497.5859,1898016,1777397.8750,2962719.7500
293,0,0,0,733.4811,47957,27632.8125,1898016,6494.3828,1898016,1777397.8750,2962719.7500
294,0,0,0,727.2295,47957,26285.1465,1898016,6490.1255,1898016,1777397.8750,2962719.7500
295,0,0,0,721.2644,47957,25003.2051,1898016,6484.9009,1898016,1777397.8750,2962719.7500
296,0,0,0,715.5366,47957,23783.7852,1898016,6478.7788,1898016,1777397.8750,2962719.7500
297,0,0,0,710.0069,47957,22623.8359,1898016,6471.8188,1898016,1777397.8750,2962719.7500
298,0,0,0,704.6446,47957,21520.4590,1898016,6464.0718,1898016,1777397.8750,2962719.7500
299,0,0,0,699.4250,47957,20470.8945,1898016,6455.5801,1898016,1777397.8750,2962719.7500
300,2242,1,30,743.1686,47959,32256.5371,1898398,6455.4053,1898398,1777397.8750,2962719.7500
301,0,0,0,735.8571,47959,30683.3691,1898398,6453.8296,1898398,1777397.8750,2962719.7500
302,0,0,0,731.0936,47959,29186.9238,1898398,6451.4888,1898398,1777397.8750,2962719.7500
303,0,0,0,724.4724,47959,27763.4629,1898398,6447.9810,1898398,1777397.8750,2962719.7500
304,0,0,0,718.2111,47959,26409.4238,1898398,6443.4170,1898398,1777397.8750,2962719.7500
305,0,0,0,712.2454,47959,25121.4199,1898398,6437.8853,1898398,1777397.8750,2962719.7500
306,0,0,0,706.5250,47959,23896.2363,1898398,6431.4590,1898398,1777397.8750,2962719.7500
307,0,0,0,701.0094,47959,22730.8027,1898398,6424.1987,1898398,1777397.8750,2962719.7500
308,0,0,0,695.6669,47959,21622.2090,1898398,6416.1558,1898398,1777397.8750,2962719.7500
309,0,0,0,690.4720,47959,20567.6816,1898398,6407.3745,1898398,1777397.8750,2962719.7500
310,2205,1,31,733.0732,47960,32131.9746,1898589,6406.7178,1898589,1777397.8750,2962719.7500
311,0,0,0,725.1672,47960,30564.8809,1898589,6404.5259,1898589,1777397.8750,2962719.7500
312,0,0,0,720.5035,47960,29074.2148,1898589,6401.5986,1898589,1777397.8750,2962719.7500
313,0,0,0,714.0255,47960,27656.2500,1898589,6397.5439,1898589,1777397.8750,2962719.7500
314,0,0,0,707.8962,47960,26307.4395,1898589,6392.4688,1898589,1777397.8750,2962719.7500
315,0,0,0,702.0534,47960,25024.4102,1898589,6386.4580,1898589,1777397.8750,2962719.7500
316,0,0,0,696.4478,47960,23803.9570,1898589,6379.5830,1898589,1777397.8750,2962719.7500
317,0,0,0,691.0405,47960,22643.0254,1898589,6371.9019,1898589,1777397.8750,2962719.7500
318,0,0,0,685.8005,47960,21538.7129,1898589,6363.4639,1898589,1777397.8750,2962719.7500
319,0,0,0,680.7032,47960,20488.2578,1898589,6354.3125,1898589,1777397.8750,2962719.7500
320,2202,1,32,721.9696,47961,32040.7637,1898974,6353.1011,1898974,1777397.8750,2962719.7500
321,0,0,0,714.0721,47961,30478.1172,1898974,6350.3594,1898974,1777397.8750,2962719.7500
322,0,0,0,709.5034,47961,28991.6836,1898974,6346.9092,1898974,1777397.8750,2962719.7500
323,0,0,0,703.1143,47961,27577.7441,1898974,6342.3540,1898974,1777397.8750,2962719.7500
324,0,0,0,697.0734,47961,26232.7617,1898974,6336.8008,1898974,1777397.8750,2962719.7500
325,0,0,0,691.3178,47961,24953.3750,1898974,6330.3350,1898974,1777397.8750,2962719.7500
326,0,0,0,685.7982,47961,23736.3848,1898974,6323.0259,1898974,1777397.8750,2962719.7500
327,0,0,0,680.4754,47961,22578.7500,1898974,6314.9321,1898974,1777397.8750,2962719.7500
328,0,0,0,675.3185,47961,21477.5703,1898974,6306.1025,1898974,1777397.8750,2962719.7500
329,0,0,0,670.3029,47961,20430.0977,1898974,6296.5791,1898974,1777397.8750,2962719.7500
330,2227,1,33,713.6149,47961,32136.4609,1899352,6295.2471,1899352,1777397.8750,2962719.7500
331,0,0,0,706.9188,47961,30569.1484,1899352,6292.6606,1899352,1777397.8750,2962719.7500
332,0,0,0,702.2914,47961,29078.2734,1899352,6289.3447,1899352,1777397.8750,2962719.7500
333,0,0,0,695.8951,47961,27660.1113,1899352,6284.9146,1899352,1777397.8750,2962719.7500
334,0,0,0,689.8488,47961,26311.1113,1899352,6279.4771,1899352,1777397.8750,2962719.7500
335,0,0,0,684.0908,47961,25027.9043,1899352,6273.1187,1899352,1777397.8750,2962719.7500
336,0,0,0,678.5721,47961,23807.2793,1899352,6265.9097,1899352,1777397.8750,2962719.7500
337,0,0,0,673.2540,47961,22646.1855,1899352,6257.9097,1899352,1777397.8750,2962719.7500
338,0,0,0,668.1053,47961,21541.7188,1899352,6249.1685,1899352,1777397.8750,2962719.7500
339,0,0,0,663.1014,47961,20491.1172,1899352,6239.7295,1899352,1777397.8750,2962719.7500
340,2200,1,34,705.0698,47961,32031.0938,1899543,6238.1421,1899543,1777397.8750,2962719.7500
341,0,0,0,698.9925,47961,30468.9199,1899543,6235.4434,1899543,1777397.8750,2962719.7500
342,0,0,0,694.3290,47961,28982.9355,1899543,6232.0054,1899543,1777397.8750,2962719.7500
343,0,0,0,687.9081,47961,27569.4219,1899543,6227.4458,1899543,1777397.8750,2962719.7500
344,0,0,0,681.8472,47961,26224.8457,1899543,6221.8750,1899543,1777397.8750,2962719.7500
345,0,0,0,676.0832,47961,24945.8457,1899543,6215.3809,1899543,1777397.8750,2962719.7500
346,0,0,0,670.5656,47961,23729.2227,1899543,6208.0361,1899543,1777397.8750,2962719.7500
347,0,0,0,665.2548,47961,22571.9355,1899543,6199.9009,1899543,1777397.8750,2962719.7500
348,0,0,0,660.1190,47961,21471.0898,1899543,6191.0269,1899543,1777397.8750,2962719.7500
349,0,0,0,655.1326,47961,20423.9336,1899543,6181.4580,1899543,1777397.8750,2962719.7500
350,2229,1,35,695.8701,47961,32125.6758,1899543,6179.6758,1899543,1777397.8750,2962719.7500
351,0,0,0,688.5903,47961,30558.8887,1899543,6176.4966,1899543,1777397.8750,2962719.7500
352,0,0,0,684.0959,47961,29068.5156,1899543,6172.6211,1899543,1777397.8750,2962719.7500
353,0,0,0,677.7941,47961,27650.8281,1899543,6167.6562,1899543,1777397.8750,2962719.7500
354,0,0,0,671.8502,47961,26302.2832,1899543,6161.7095,1899543,1777397.8750,2962719.7500
355,0,0,0,666.2001,47961,25019.5059,1899543,6154.8691,1899543,1777397.8750,2962719.7500
356,0,0,0,660.7931,47961,23799.2910,1899543,6147.2061,1899543,1777397.8750,2962719.7500
357,0,0,0,655.5890,47961,22638.5859,1899543,6138.7793,1899543,1777397.8750,2962719.7500
358,0,0,0,650.5560,47961,21534.4902,1899543,6129.6387,1899543,1777397.8750,2962719.7500
359,0,0,0,645.6688,47961,20484.2402,1899543,6119.8271,1899543,1777397.8750,2962719.7500
360,2203,1,36,685.2328,47961,32039.0430,1899734,6117.6338,1899734,1777397.8750,2962719.7500
361,0,0,0,677.9260,47961,30476.4824,1899734,6114.0396,1899734,1777397.8750,2962719.7500
362,0,0,0,673.5374,47961,28990.1270,1899734,6109.7773,1899734,1777397.8750,2962719.7500
363,0,0,0,667.3654,47961,27576.2617,1899734,6104.4556,1899734,1777397.8750,2962719.7500
364,0,0,0,661.5439,47961,26231.3535,1899734,6098.1816,1899734,1777397.8750,2962719.7500
365,0,0,0,656.0094,47961,24952.0352,1899734,6091.0405,1899734,1777397.8750,2962719.7500
366,0,0,0,650.7122,47961,23735.1113,1899734,6083.1021,1899734,1777397.8750,2962719.7500
367,0,0,0,645.6125,47961,22577.5371,1899734,6074.4233,1899734,1777397.8750,2962719.7500
368,0,0,0,640.6794,47961,21476.4180,1899734,6065.0527,1899734,1777397.8750,2962719.7500
369,0,0,0,635.8877,47961,20429.0020,1899734,6055.0322,1899734,1777397.8750,2962719.7500
370,2208,1,37,676.7298,47961,32013.4668,1899734,6052.7446,1899734,1777397.8750,2962719.7500
371,0,0,0,670.5166,47961,30452.1523,1899734,6049.3105,1899734,1777397.8750,2962719.7500
372,0,0,0,666.0962,47961,28966.9844,1899734,6045.1929,1899734,1777397.8750,2962719.7500
373,0,0,0,659.9375,47961,27554.2500,1899734,6040.0122,1899734,1777397.8750,2962719.7500
374,0,0,0,654.1304,47961,26210.4141,1899734,6033.8745,1899734,1777397.8750,2962719.7500
375,0,0,0,648.6121,47961,24932.1172,1899734,6026.8657,1899734,1777397.8750,2962719.7500
376,0,0,0,643.3329,47961,23716.1641,1899734,6019.0562,1899734,1777397.8750,2962719.7500
377,0,0,0,638.2535,47961,22559.5137,1899734,6010.5039,1899734,1777397.8750,2962719.7500
378,0,0,0,633.3427,47961,21459.2734,1899734,6001.2583,1899734,1777397.8750,2962719.7500
379,0,0,0,628.5756,47961,20412.6934,1899734,5991.3613,1899734,1777397.8750,2962719.7500
380,2229,1,38,669.2708,47961,32119.4258,1899734,5989.2295,1899734,1777397.8750,2962719.7500
381,0,0,0,662.6023,47961,30552.9434,1899734,5985.8345,1899734,1777397.8750,2962719.7500
382,0,0,0,658.2594,47961,29062.8594,1899734,5981.7690,1899734,1777397.8750,2962719.7500
383,0,0,0,652.1625,47961,27645.4473,1899734,5976.6484,1899734,1777397.8750,2962719.7500
384,0,0,0,646.4170,47961,26297.1641,1899734,5970.5796,1899734,1777397.8750,2962719.7500
385,0,0,0,640.9598,47961,25014.6367,1899734,5963.6484,1899734,1777397.8750,2962719.7500
386,0,0,0,635.7410,47961,23794.6602,1899734,5955.9243,1899734,1777397.8750,2962719.7500
387,0,0,0,630.7213,47961,22634.1816,1899734,5947.4653,1899734,1777397.8750,2962719.7500
388,0,0,0,625.8693,47961,21530.2988,1899734,5938.3208,1899734,1777397.8750,2962719.7500
389,0,0,0,621.1601,47961,20480.2559,1899734,5928.5322,1899734,1777397.8750,2962719.7500
390,2198,1,39,661.2510,47961,32009.3320,1899734,5926.3335,1899734,1777397.8750,2962719.7500
391,0,0,0,655.1172,47961,30448.2188,1899734,5922.9956,1899734,1777397.8750,2962719.7500
392,0,0,0,650.7838,47961,28963.2422,1899734,5918.9844,1899734,1777397.8750,2962719.7500
393,0,0,0,644.7555,47961,27550.6895,1899734,5913.9292,1899734,1777397.8750,2962719.7500
394,0,0,0,639.0728,47961,26207.0273,1899734,5907.9336,1899734,1777397.8750,2962719.7500
395,0,0,0,633.6739,47961,24928.8965,1899734,5901.0835,1899734,1777397.8750,2962719.7500
396,0,0,0,628.5101,47961,23713.0996,1899734,5893.4473,1899734,1777397.8750,2962719.7500
397,0,0,0,623.5429,47961,22556.5996,1899734,5885.0825,1899734,1777397.8750,2962719.7500
398,0,0,0,618.7416,47961,21456.5020,1899734,5876.0371,1899734,1777397.8750,2962719.7500
399,0,0,0,614.0817,47961,20410.0566,1899734,5866.3530,1899734,1777397.8750,2962719.7500
400,2210,1,40,653.2217,47961,32009.5469,1899734,5864.1875,1899734,1777397.8750,2962719.7500
401,0,0,0,646.4400,47961,30448.4238,1899734,5860.7207,1899734,1777397.8750,2962719.7500
402,0,0,0,642.2317,47961,28963.4375,1899734,5856.6089,1899734,1777397.8750,2962719.7500
403,0,0,0,636.3143,47961,27550.8750,1899734,5851.4746,1899734,1777397.8750,2962719.7500
404,0,0,0,630.7368,47961,26207.2031,1899734,5845.4219,1899734,1777397.8750,2962719.7500
405,0,0,0,625.4379,47961,24929.0645,1899734,5838.5337,1899734,1777397.8750,2962719.7500
406,0,0,0,620.3693,47961,23713.2598,1899734,5830.8779,1899734,1777397.8750,2962719.7500
407,0,0,0,615.4927,47961,22556.7520,1899734,5822.5103,1899734,1777397.8750,2962719.7500
408,0,0,0,610.7780,47961,21456.6465,1899734,5813.4785,1899734,1777397.8750,2962719.7500
409,0,0,0,606.2008,47961,20410.1934,1899734,5803.8228,1899734,1777397.8750,2962719.7500
410,2208,1,41,645.3935,47961,32000.3770,1899734,5801.6440,1899734,1777397.8750,2962719.7500
411,0,0,0,638.7551,47961,30439.7012,1899734,5798.1963,1899734,1777397.8750,2962719.7500
412,0,0,0,634.6089,47961,28955.1406,1899734,5794.1128,1899734,1777397.8750,2962719.7500
413,0,0,0,628.7415,47961,27542.9824,1899734,5789.0142,1899734,1777397.8750,2962719.7500
414,0,0,0,623.2159,47961,26199.6953,1899734,5783.0059,1899734,1777397.8750,2962719.7500
415,0,0,0,617.9703,47961,24921.9219,1899734,5776.1704,1899734,1777397.8750,2962719.7500
416,0,0,0,612.9556,47961,23706.4668,1899734,5768.5752,1899734,1777397.8750,2962719.7500
417,0,0,0,608.1332,47961,22550.2891,1899734,5760.2764,1899734,1777397.8750,2962719.7500
418,0,0,0,603.4725,47961,21450.5000,1899734,5751.3208,1899734,1777397.8750,2962719.7500
419,0,0,0,598.9491,47961,20404.3477,1899734,5741.7490,1899734,1777397.8750,2962719.7500
420,2205,1,42,638.1063,47961,31976.3047,1899734,5739.6104,1899734,1777397.8750,2962719.7500
421,0,0,0,632.0883,47961,30416.8027,1899734,5736.3428,1899734,1777397.8750,2962719.7500
422,0,0,0,627.9362,47961,28933.3594,1899734,5732.4321,1899734,1777397.8750,2962719.7500
423,0,0,0,622.0977,47961,27522.2637,1899734,5727.5063,1899734,1777397.8750,2962719.7500
424,0,0,0,616.6003,47961,26179.9883,1899734,5721.6694,1899734,1777397.8750,2962719.7500
425,0,0,0,611.3828,47961,24903.1758,1899734,5715.0049,1899734,1777397.8750,2962719.7500
426,0,0,0,606.3965,47961,23688.6348,1899734,5707.5801,1899734,1777397.8750,2962719.7500
427,0,0,0,601.6030,47961,22533.3262,1899734,5699.4517,1899734,1777397.8750,2962719.7500
428,0,0,0,596.9717,47961,21434.3633,1899734,5690.6660,1899734,1777397.8750,2962719.7500
429,0,0,0,592.4786,47961,20388.9980,1899734,5681.2646,1899734,1777397.8750,2962719.7500
430,2220,1,43,632.4053,47961,32048.9453,1899734,5679.3892,1899734,1777397.8750,2962719.7500
431,0,0,0,626.8470,47961,30485.9004,1899734,5676.4844,1899734,1777397.8750,2962719.7500
432,0,0,0,622.6710,47961,28999.0859,1899734,5672.9214,1899734,1777397.8750,2962719.7500
433,0,0,0,616.8166,47961,27584.7852,1899734,5668.3286,1899734,1777397.8750,2962719.7500
434,0,0,0,611.3095,47961,26239.4609,1899734,5662.8130,1899734,1777397.8750,2962719.7500
435,0,0,0,606.0874,47961,24959.7480,1899734,5656.4585,1899734,1777397.8750,2962719.7500
436,0,0,0,601.1012,47961,23742.4473,1899734,5649.3350,1899734,1777397.8750,2962719.7500
437,0,0,0,596.3118,47961,22584.5156,1899734,5641.4995,1899734,1777397.8750,2962719.7500
438,0,0,0,591.6882,47961,21483.0547,1899734,5633.0005,1899734,1777397.8750,2962719.7500
439,0,0,0,587.2057,47961,20435.3145,1899734,5623.8789,1899734,1777397.8750,2962719.7500
440,2209,1,44,625.5480,47961,32025.0840,1899734,5622.1294,1899734,1777397.8750,2962719.7500
441,0,0,0,618.8079,47961,30463.2031,1899734,5619.0669,1899734,1777397.8750,2962719.7500
442,0,0,0,614.7823,47961,28977.4961,1899734,5615.3799,1899734,1777397.8750,2962719.7500
443,0,0,0,609.1074,47961,27564.2480,1899734,5610.7026,1899734,1777397.8750,2962719.7500
444,0,0,0,603.7628,47961,26219.9238,1899734,5605.1362,1899734,1777397.8750,2962719.7500
445,0,0,0,598.6889,47961,24941.1641,1899734,5598.7617,1899734,1777397.8750,2962719.7500
446,0,0,0,593.8381,47961,23724.7695,1899734,5591.6450,1899734,1777397.8750,2962719.7500
447,0,0,0,589.1730,47961,22567.6992,1899734,5583.8403,1899734,1777397.8750,2962719.7500
448,0,0,0,584.6641,47961,21467.0605,1899734,5575.3936,1899734,1777397.8750,2962719.7500
449,0,0,0,580.2879,47961,20420.0996,1899734,5566.3438,1899734,1777397.8750,2962719.7500
450,2236,1,45,620.2237,47961,32166.5508,1899734,5564.7886,1899734,1777397.8750,2962719.7500
451,0,0,0,614.8392,47961,30597.7695,1899734,5562.2324,1899734,1777397.8750,2962719.7500
452,0,0,0,610.7596,47961,29105.5000,1899734,5559.0273,1899734,1777397.8750,2962719.7500
453,0,0,0,605.0110,47961,27686.0098,1899734,5554.8037,1899734,1777397.8750,2962719.7500
454,0,0,0,599.6053,47961,26335.7480,1899734,5549.6665,1899734,1777397.8750,2962719.7500
455,0,0,0,594.4811,47961,25051.3379,1899734,5543.6997,1899734,1777397.8750,2962719.7500
456,0,0,0,589.5895,47961,23829.5703,1899734,5536.9717,1899734,1777397.8750,2962719.7500
457,0,0,0,584.8920,47961,22667.3906,1899734,5529.5391,1899734,1777397.8750,2962719.7500
458,0,0,0,580.3581,47961,21561.8887,1899734,5521.4497,1899734,1777397.8750,2962719.7500
459,0,0,0,575.9632,47961,20510.3027,1899734,5512.7441,1899734,1777397.8750,2962719.7500
460,2243,1,46,615.4576,47961,32292.8555,1899734,5511.4961,1899734,1777397.8750,2962719.7500
461,0,0,0,609.6957,47961,30717.9141,1899734,5509.1494,1899734,1777397.8750,2962719.7500
462,0,0,0,605.6506,47961,29219.7852,1899734,5506.1553,1899734,1777397.8750,2962719.7500
463,0,0,0,599.9365,47961,27794.7207,1899734,5502.1445,1899734,1777397.8750,2962719.7500
464,0,0,0,594.5662,47961,26439.1562,1899734,5497.2222,1899734,1777397.8750,2962719.7500
465,0,0,0,589.4775,47961,25149.7051,1899734,5491.4722,1899734,1777397.8750,2962719.7500
466,0,0,0,584.6215,47961,23923.1387,1899734,5484.9634,1899734,1777397.8750,2962719.7500
467,0,0,0,579.9595,47961,22756.3945,1899734,5477.7520,1899734,1777397.8750,2962719.7500
468,0,0,0,575.4608,47961,21646.5527,1899734,5469.8853,1899734,1777397.8750,2962719.7500
469,0,0,0,571.1008,47961,20590.8379,1899734,5461.4048,1899734,1777397.8750,2962719.7500
470,2223,1,47,609.9061,47961,32255.5820,1899734,5460.2339,1899734,1777397.8750,2962719.7500
471,0,0,0,604.6437,47961,30682.4590,1899734,5458.0771,1899734,1777397.8750,2962719.7500
472,0,0,0,600.5894,47961,29186.0586,1899734,5455.2646,1899734,1777397.8750,2962719.7500
473,0,0,0,594.8760,47961,27762.6387,1899734,5451.4292,1899734,1777397.8750,2962719.7500
474,0,0,0,589.5110,47961,26408.6406,1899734,5446.6763,1899734,1777397.8750,2962719.7500
475,0,0,0,584.4313,47961,25120.6758,1899734,5441.0923,1899734,1777397.8750,2962719.7500
476,0,0,0,579.5875,47961,23895.5273,1899734,5434.7451,1899734,1777397.8750,2962719.7500
477,0,0,0,574.9402,47961,22730.1289,1899734,5427.6934,1899734,1777397.8750,2962719.7500
478,0,0,0,570.4584,47961,21621.5684,1899734,5419.9844,1899734,1777397.8750,2962719.7500
479,0,0,0,566.1172,47961,20567.0723,1899734,5411.6602,1899734,1777397.8750,2962719.7500
480,2231,1,48,605.2319,47961,32275.1250,1899734,5410.6968,1899734,1777397.8750,2962719.7500
481,0,0,0,599.7956,47961,30701.0488,1899734,5408.7041,1899734,1777397.8750,2962719.7500
482,0,0,0,595.7807,47961,29203.7422,1899734,5406.0586,1899734,1777397.8750,2962719.7500
483,0,0,0,590.1364,47961,27779.4609,1899734,5402.4009,1899734,1777397.8750,2962719.7500
484,0,0,0,584.8328,47961,26424.6406,1899734,5397.8340,1899734,1777397.8750,2962719.7500
485,0,0,0,579.8088,47961,25135.8965,1899734,5392.4429,1899734,1777397.8750,2962719.7500
486,0,0,0,575.0161,47961,23910.0059,1899734,5386.2944,1899734,1777397.8750,2962719.7500
487,0,0,0,570.4161,47961,22743.9004,1899734,5379.4453,1899734,1777397.8750,2962719.7500
488,0,0,0,565.9788,47961,21634.6680,1899734,5371.9429,1899734,1777397.8750,2962719.7500
489,0,0,0,561.6796,47961,20579.5332,1899734,5363.8286,1899734,1777397.8750,2962719.7500
490,2203,1,49,600.7263,47961,32133.1094,1899734,5362.9971,1899734,1777397.8750,2962719.7500
491,0,0,0,595.6538,47961,30565.9590,1899734,5361.2148,1899734,1777397.8750,2962719.7500
492,0,0,0,591.6329,47961,29075.2402,1899734,5358.7739,1899734,1777397.8750,2962719.7500
493,0,0,0,586.0054,47961,27657.2246,1899734,5355.3184,1899734,1777397.8750,2962719.7500
494,0,0,0,580.7185,47961,26308.3672,1899734,5350.9526,1899734,1777397.8750,2962719.7500
495,0,0,0,575.7112,47961,25025.2930,1899734,5345.7607,1899734,1777397.8750,2962719.7500
496,0,0,0,570.9354,47961,23804.7969,1899734,5339.8096,1899734,1777397.8750,2962719.7500
497,0,0,0,566.3531,47961,22643.8242,1899734,5333.1567,1899734,1777397.8750,2962719.7500
498,0,0,0,561.9339,47961,21539.4727,1899734,5325.8496,1899734,1777397.8750,2962719.7500
499,0,0,0,557.6533,47961,20488.9805,1899734,5317.9292,1899734,1777397.8750,2962719.7500
